Feature1,Feature2,Feature3,Feature4,Target
1.764052345967664,0.643807816815738,5.090331711877662,5.753067067202899,B
0.4001572083672233,0.40105724563572553,8.718692667703257,1.450155894271119,A
0.9787379841057392,0.7661551946382705,1.7473561243463398,6.973814656840917,B
2.240893199201458,0.9331502138483279,4.730355097811292,8.953486638415221,A
1.8675579901499675,0.5494952283849972,3.8318129064101614,2.5010110977323627,A
-0.977277879876411,0.9884661664415242,5.670211240391998,9.586858956840082,A
0.9500884175255894,0.22953977228859768,0.1248712816012878,7.713023970302836,A
-0.1513572082976979,-0.9257407922171044,7.22984911898056,3.0032157477911237,A
-0.10321885179355784,-0.9714969696994082,5.027496974671068,6.168211241115817,B
0.41059850193837233,-0.3157922495924226,1.3105976727439077,3.078479320806945,B
0.144043571160878,0.6469434381350743,4.277773730520268,0.9946787609389407,A
1.454273506962975,0.732269412649462,6.2179246833090485,8.241486696206854,A
0.7610377251469934,0.9216250576453557,1.817104249083937,6.658070345090323,B
0.12167501649282841,-0.8697570629023632,5.006444432886312,6.1400065128072185,B
0.44386323274542566,-0.9108577780246718,2.88505270439694,1.4217288071323342,B
0.33367432737426683,0.8265671927340674,3.8880299362420656,3.7737711316979707,A
1.4940790731576061,-0.38990660327427684,5.053476765349274,8.76636080004911,B
-0.20515826376580087,0.1159748012192654,5.366900507163153,1.633044607769063,A
0.31306770165090136,0.9648897660014197,4.058515003634546,0.4790288699711853,A
-0.8540957393017248,-0.1991029305281533,5.545592779060528,1.911514768901753,B
-2.5529898158340787,0.33174279661967976,6.635955214509611,2.50180007174864,B
0.6536185954403606,-0.19824087273602942,4.442171449793521,7.836425237658834,A
0.8644361988595057,0.5363893289255595,7.863135514898582,6.481414711893314,B
-0.7421650204064419,0.05542945114573161,7.924428341560839,0.1734274680649217,A
2.2697546239876076,-0.5249537240273006,4.142595868828343,0.17289652741196648,B
-1.4543656745987648,-0.45738779748306757,3.7243188870528314,5.668964288000554,B
0.04575851730144607,-0.4838815749231855,1.671654029667653,6.332924423782887,B
-0.1871838500258336,0.06464065651712159,4.746861336721221,1.2542188091555395,B
1.5327792143584575,0.4063780320313286,4.273124439767897,6.104621520835592,B
1.469358769900285,0.8985598000862842,6.5581024402659835,2.403519104195401,B
0.1549474256969163,0.3881747501659598,1.9806767878634024,3.367213424605472,B
0.37816251960217356,0.5623856879247813,4.445217216513781,4.088315803843413,A
-0.8877857476301128,-0.6621477682708687,6.937488786222291,1.1619479623427964,B
-1.980796468223927,-0.25187474998534864,3.53928580888408,9.63093605444955,A
-0.3479121493261526,-0.17243956028346785,3.4752769265447814,9.73764453627561,B
0.15634896910398005,0.372760460000946,2.106119330488383,4.450016890894074,B
1.2302906807277207,-0.4082160472462528,10.241147692036478,2.5746647808027467,A
1.2023798487844113,-0.3934161571606678,3.5050536438692412,9.585944465253112,A
-0.3873268174079523,-0.28822169071826376,2.3993063355633217,8.180573965471908,B
-0.30230275057533557,0.6206041630864645,3.39229919193696,7.24228605558232,A
-1.0485529650670926,0.15518018008669743,3.451409839026391,4.618117872776393,A
-1.4200179371789752,-0.8494454403345311,4.4612204430975195,4.105787014411721,A
-1.7062701906250126,-0.8435078006190624,6.6507444641750295,7.793492722768518,A
1.9507753952317897,-0.2574261114350014,4.403353662008333,5.196136777646267,B
-0.5096521817516535,0.5331821012123166,3.154353370006344,6.6058213882080805,B
-0.4380743016111864,0.37736685295736105,2.0973230036179498,5.661929816084119,B
-1.2527953600499262,0.4159647093023733,5.043714716439743,7.12185407151363,B
0.7774903558319101,0.5344201321081938,5.085078148059582,0.9410500407840094,B
-1.6138978475579515,-0.42569457422734125,8.06186470205765,3.776210926357868,A
-0.2127402802139687,0.09651256388417595,5.184895470939617,1.670891885098651,A
-0.8954665611936756,0.0867052806335391,4.801983377431846,2.4204390002353557,B
0.386902497859262,0.47926500235989855,2.898692326825021,2.008242765381808,B
-0.510805137568873,0.9137411382112928,4.388094849803216,5.033222993038652,B
-1.180632184122412,-0.4440201104090682,4.123051083930788,0.18992988509918707,A
-0.028182228338654868,0.5865633455140964,4.259671670972595,9.63967602008444,B
0.42833187053041766,0.31994109704652485,3.0814892147188235,5.189638264095712,A
0.06651722238316789,0.16047574172692025,6.076659206552353,0.5257151420438899,A
0.3024718977397814,0.5497595586948039,4.7151091649812615,6.820538403617592,A
-0.6343220936809636,0.8880649328561987,4.599293039990025,2.6888805009787653,A
-0.3627411659871381,-0.926617164261174,1.5719077679020073,1.0676759258842983,A
-0.672460447775951,-0.7051997949735587,5.987288175049728,8.303036859749948,B
-0.3595531615405413,0.5125744630022315,5.974030651960759,1.9790760291432419,A
-0.813146282044454,-0.8324172941798309,3.321741194315573,1.0475426885963135,B
-1.7262826023316769,0.03224740148218608,6.980242767758387,0.5690645260383198,A
0.17742614225375283,-0.5602784467167861,2.2704835398351353,7.28557743534167,B
-0.4017809362082619,-0.45140859231449704,4.956260182421841,6.55271247322768,A
-1.6301983469660446,0.4036809658888325,4.457585320219672,0.08199140586074072,A
0.4627822555257742,-0.9396144534625768,2.3656504223884114,2.2148054044830365,A
-0.9072983643832422,0.7466388558038073,5.379405224159991,7.046820311167496,A
0.05194539579613895,-0.11104208929546,8.405140304483583,1.5214085470395233,A
0.7290905621775369,0.004786587814202159,5.135268460133839,5.7675078312616455,A
0.12898291075741067,0.0800959273873838,4.073956491781898,2.131564667521073,A
1.1394006845433007,0.29108858915898783,5.894048313771356,4.492342848107873,B
-1.2348258203536526,-0.3102868267545038,5.21143999093431,8.67423061801781,B
0.402341641177549,-0.7977850188730173,5.055524263251003,3.02596427300986,B
-0.6848100909403132,-0.3632421266676469,4.148915574457104,6.859723899252312,A
-0.8707971491818818,-0.6637157639543594,7.843951118584929,4.382812327828011,B
-0.5788496647644155,0.11226635890094783,5.912726726961571,0.961552543014883,A
-0.31155253212737266,-0.36394273807922706,3.942658682129023,3.6063499365180096,B
0.05616534222974544,0.9161343559868698,4.783992326438084,8.412800663481075,A
-1.1651498407833565,0.9314685559605613,3.5182665915918547,9.730462422682283,A
0.9008264869541871,0.24025176113648294,3.7834176998370097,8.450816706160053,A
0.46566243973045984,0.23499453533457193,3.7185485516196017,1.6222839077355067,B
-1.5362436862772237,0.9707571291342119,2.731376812555545,3.4550929844908462,A
1.4882521937955997,0.774566302470372,6.554553927535911,8.311881586067502,A
1.8958891760305832,0.53013989831628,4.417917073453949,5.5389593439576545,A
1.1787795711596507,-0.3728187765145976,6.10825515665354,7.761857971144082,B
-0.17992483581235091,-0.26892194376384726,3.659748204545407,7.777832666167901,B
-1.0707526215105425,-0.5974664684782691,4.879275011215323,0.710879006301196,B
1.0544517269311366,-0.02570374616525073,3.5779188064177774,3.424065656010231,A
-0.40317694697317963,0.9807370442791592,6.439336341074664,4.790215054529671,A
1.2224450703824274,0.8243019060231775,4.503161386589923,9.45224721580388,A
0.2082749780768603,-0.7633011319610619,3.538252828097228,8.982288010160042,A
0.9766390364837128,-0.9496194214189877,1.7165935423804317,4.230319829312198,A
0.3563663971744019,0.7972753368165324,5.551333098681549,0.9566592748691505,B
0.7065731681919482,0.07434025589741489,3.583229895323786,4.045422868803818,A
0.010500020720820478,-0.5996202235830876,4.96844156575801,5.359033326412808,A
1.7858704939058352,0.3473065391692707,4.016539783972945,9.043971913990314,B
0.12691209270361992,0.28844635585963996,6.90837916179753,2.9487926714121704,B
0.40198936344470165,-0.7558287863270656,6.088289504716016,3.0886414566898734,A
1.8831506970562544,-0.48079953300476097,5.894424174909663,6.27183234547841,A
-1.3477590611424464,-0.8798440713734841,3.7677577533530417,5.05191555071379,A
-1.2704849984857336,-0.5802790522597161,5.932580087100379,1.9586895905880652,B
0.9693967081580112,-0.7353886502938742,8.429663217352086,1.4472724884257937,B
-1.17312340511416,-0.6135274150508878,3.335627931699876,4.894972098053466,B
1.9436211856492926,0.37093429182623394,5.344678278458377,7.793909564002805,B
-0.41361898075974735,-0.9010005114778645,1.7015660511657358,7.788312515567874,A
-0.7474548114407578,-0.796290769503567,7.7971241842510715,9.758036873205908,B
1.9229420264803847,-0.7316527238434247,4.204175802818317,3.8271819815799466,B
1.4805147914344243,-0.36691775808373195,6.565157761683955,3.91989326810261,A
1.8675589604265699,-0.40249937829611815,1.553543498567354,0.018194947805292294,B
0.9060446582753853,-0.48987242936672115,8.59507877425181,8.299173651954892,B
-0.8612256850547025,0.5010733068648325,4.286256943948803,6.466284440680506,A
1.9100649530990337,0.9960455755162012,6.091314646940055,7.6992211873189085,A
-0.2680033709513804,0.06795584725759163,5.301636412665188,4.706231999448031,A
0.8024563957963952,0.8884054358278841,4.489058427624461,9.201934886408647,B
0.947251967773748,-0.20677977574787065,8.371584605318606,0.29113797832714394,B
-0.1550100930908342,-0.7866351063945731,1.7039075872676404,1.1528118273788834,B
0.6140793703460803,-0.18245234106032537,5.597427319984018,3.760173349715031,A
0.9222066715665268,-0.40774445317061336,6.82129134445994,0.851059081135721,B
0.37642553115562943,-0.01318607542164374,4.940287756727267,0.8788788196507191,A
-1.0994007905841945,0.31408735383284636,4.763658431266816,5.668726793505451,A
0.298238174206056,-0.07789956169518364,4.71462457585307,2.1612201956991752,B
1.3263858966870303,0.8703210241556512,2.544727159179184,6.265352105571295,B
-0.6945678597313655,0.7695296445987598,5.0762547681898695,9.293998221452583,B
-0.14963454032767076,0.40395519033239435,6.025435046944797,8.238822097031292,A
-0.43515355172163744,-0.02063017527090172,5.137198454961321,2.484303875538083,B
1.8492637284793418,-0.7366254363710862,4.455447797709839,0.8966292611132298,B
0.6722947570124355,-0.20597266644473322,4.020549955253946,9.501924682159203,A
0.40746183624111043,0.40880307880234734,4.4414066614432555,9.944959313733248,A
-0.7699160744453164,-0.43022895889253765,7.5154884349920765,3.744948994651792,A
0.5392491912918173,-0.7920238449131591,0.8267300411589149,4.60677261142561,B
-0.6743326606573761,0.8157969150212563,5.080142913095551,1.4533366133006653,A
0.03183055827435118,0.41810161963108916,4.344490165407167,7.101807927776813,B
-0.635846078378881,0.23055285327019437,7.911615903673686,4.218336068528409,A
0.6764332949464997,0.5849978112178331,5.110984450887606,8.030151452544093,A
0.5765908166149409,0.6712920751669513,7.969851197399908,5.772967114245704,A
-0.20829875557799488,-0.03308200365795333,0.7522199639088818,0.42783809166633713,B
0.3960067126616453,0.76237650281888,5.919169809668112,3.349545405035974,A
-1.0930615087305058,0.8328380214022109,5.56011572007536,8.085961706701536,B
-1.4912575927056055,-0.4568978091504372,7.781067934147876,6.881138813839268,B
0.4393917012645369,0.21509071958158854,1.7173027823539417,6.325319473789155,B
0.16667349537252904,0.05316805764093835,4.689928383763348,6.725046423160782,A
0.6350314368921064,0.0758915583038049,5.132120523572985,6.050368756235982,B
2.383144774863942,0.8753261879291241,4.008409010909581,6.411243265875744,A
0.9444794869904138,-0.389622594613942,7.433155427485881,6.20421104640871,A
-0.9128222254441586,0.9668679564691525,4.322635629109205,5.3342793950465826,B
1.117016288095853,0.8042624296084642,9.069525088042308,7.577471254274131,A
-1.3159074105115212,-0.08255422277299473,7.108355817877845,3.6949256352123196,B
-0.461584604814709,0.6349065272363323,6.9016673940076,4.752383386405016,B
-0.06824160532463124,0.5380939886402811,6.118597962781768,4.014495569196899,A
1.7133427216493666,0.3557899392370425,2.872608817948904,2.0921049112192747,A
-0.7447548220484399,-0.36033222123369146,4.1378073249784855,3.218889624998843,A
-0.8264385386590144,-0.6070980163580921,6.145502733714432,0.5501507760990065,A
-0.0984525244254323,0.3430553935315164,6.3551140671754345,3.2552763392261075,A
-0.6634782863621074,0.6859465928021684,7.614367690162515,3.905830929331291,B
1.126635922106507,-0.9674944226452606,4.065117980748187,0.9338409764882383,B
-1.0799315083634233,0.2856067506170241,3.2796932301506736,2.204551297120967,A
-1.1474686524111024,-0.1142539507555751,6.718208385571061,2.4954174744284097,B
-0.43782004474443403,0.7961755102539672,3.3807468479197746,2.274702082086888,B
-0.4980324506923049,-0.3570541382915895,6.746623672140824,3.5022170152394927,A
1.9295320538169858,-0.05163037547275651,7.399472352830076,1.4487610506997384,B
0.9494208069257608,0.02953420807037266,5.912306071654111,7.315013568444494,B
0.0875512413851909,-0.719120957257894,4.284841936062804,3.4265485531775317,B
-1.225435518830168,0.4257846053978127,5.082164452287759,1.2236523402169797,B
0.8443629764015471,0.6609526902419192,6.186931839206478,5.9359978132678295,B
-1.0002153473895647,-0.8841814462074795,5.020371037424147,1.796481751174227,B
-1.5447710967776116,-0.4172223589261945,9.396592677340985,0.5805632067769373,B
1.1880297923523018,-0.9239106369298842,3.0186581387457014,1.6329214202474285,B
0.3169426119248496,0.9130882093764847,2.994662825260418,4.199948120491419,B
0.920858823780819,0.3343376414076471,3.0462092265293497,6.935089719274358,B
0.3187276529430212,0.928400838909563,3.8208401549095687,6.415008847712601,B
0.8568306119026912,0.0629885566626156,0.6421369596101814,0.052059793598251414,B
-0.6510255933001469,0.6041370477912278,3.7406991461196375,7.932906525140861,A
-1.0342428417844647,-0.25117203224052,3.693430596144222,3.356877784624941,A
0.681594518281627,-0.2923619348547182,5.1570280503483525,6.7971569095556985,A
-0.8034096641738411,-0.24346436578973463,5.835601166412163,0.32673171706932846,B
-0.6895497777502005,0.3157242674528564,2.5195673271844594,3.9378824337231078,B
-0.45553250351734315,-0.2810936979566956,6.800108485528145,0.19610501319103024,A
0.01747915902505673,0.8007349032084512,8.604484459581094,8.163455351451152,B
-0.35399391125348395,0.9665497301003105,4.583429793810008,1.8696718051616434,B
-1.3749512934180188,-0.9391469693259882,8.148742474951144,6.745479075190918,A
-0.6436184028328905,-0.612753419195007,5.397978988810375,2.770661627261115,B
-2.2234031522244266,-0.775500014825228,8.977463837190783,1.3535111433764768,B
0.6252314510271875,-0.9152719058171135,7.2345669313763805,9.302953390465765,B
-1.6020576556067476,-0.544518013305427,1.8721907303204675,5.950246157866221,B
-1.1043833394284506,-0.1064133592618377,5.037254741322711,8.906310472988931,B
0.052165079260974405,0.6739807305773675,7.1086499498081555,3.0659940165063917,A
-0.7395629963913133,-0.5563519389800078,5.061093162081233,8.298353336783945,B
1.5430145954067358,-0.012109488675597468,4.926232938309866,9.416823334062824,B
-1.2928569097234486,0.8592374788935089,7.539529500628608,3.951838267867882,B
0.26705086934918293,0.3344294135733499,3.580291635707792,9.04131051198447,B
-0.0392828182274956,0.596158039511995,5.035031226556437,3.3508574267910998,B
-1.1680934977411974,0.10198794037097247,5.647251529218237,3.245999991272911,B
0.5232766605317537,0.96093291768126,4.3324180792928715,9.957326721950958,B
-0.1715463312222481,0.1773243093629484,4.959741792244925,9.524104481773524,A
0.7717905512136674,-0.9089785720748169,6.550046526448341,2.28618345971475,B
0.8235041539637314,-0.6040344001204103,5.865675242999988,8.372020270371454,A
2.16323594928069,-0.19045274208570406,3.3825649360409327,3.424578776409021,A
1.336527949436392,0.20255434514755266,2.7917520284014765,9.792433739780268,A
-0.3691818379424436,0.5438617348179198,3.4217956394866995,8.498176287600632,A
-0.2393791775759264,-0.17382774819222746,5.002496911576973,9.049193013125382,A
1.0996595958871132,0.42011661003137735,4.6801204244859145,5.736735114895585,B
0.6552637307225978,0.5797390062182499,3.3360850135657505,2.941513523211804,B
0.640131526097592,-0.36547960550003444,3.8036990949670284,1.9752500637671,A
-1.6169560443108344,0.9585404800716371,1.9599214296158727,5.27871920546133,B
-0.024326124398935636,0.29931299047167115,5.835707406434652,6.715157252329823,A
-0.7380309092056887,0.7619961215722624,4.919962549296734,7.417886351237007,A
0.27992459904323824,0.11187537761721345,2.4804253131894596,1.7038321256296285,A
-0.09815038964295794,0.4832062143046474,5.0572410083755654,5.358879925710621,B
0.9101789080925919,0.5410881232327307,7.685244021020706,4.36109820095218,B
0.31721821519130206,0.816496758469158,3.5201282940694805,2.08224210977812,A
0.7863279621089762,-0.6993004862572594,7.630275331441945,5.52962317358824,A
-0.46641909673594306,0.11656684833849695,4.353085055033152,2.7591372180645743,B
-0.9444462559182504,-0.14324297378828743,5.395656335699735,5.350545571095502,A
-0.41004969320254847,0.8463180423474805,5.19550160484437,2.001093449008773,A
-0.017020413861440594,-0.7898106115020016,7.803046832010491,8.999425369158052,A
0.3791517355550818,0.9651477773618256,5.316867693571063,3.3810282491959054,A
2.259308950690852,0.7509026481865926,2.716197161592307,6.10334602657793,B
-0.04225715166064269,-0.8523474368715029,2.3780592591175753,1.2193298741989589,A
-0.955945000492777,-0.018067228919051104,1.9341578931397443,6.300171925284673,B
-0.34598177569938643,0.4351190004250518,1.5760596718115574,2.7204033929140836,A
-0.4635959746460942,0.4763030913821129,5.09227011791137,9.565315903711673,B
0.4814814737734622,0.8129882504758417,3.083251039546877,3.9415426604133086,A
-1.5407970144446248,0.5997308711646219,4.838376774112518,6.07406556711858,B
0.06326199420033171,-0.37813923931182103,3.5922819280191067,2.1581336566329634,A
0.1565065379653756,-0.003130428275095243,3.4584313985868693,8.614762028764,A
0.23218103620027578,0.4035715258717081,4.038309318254542,8.043329181204662,A
-0.5973160689653627,-0.7231263172712972,6.407171109286777,2.456353122757715,B
-0.237921729736007,-0.6120184047996053,6.858290295537382,9.110485080061057,A
-1.4240609089825316,-0.037915103780254755,5.742345105298078,0.40155022034127685,B
-0.49331988336219407,-0.4035084025889746,3.0203549009057618,7.525731205167397,A
-0.5428614760167177,0.7251184995681899,6.287262550906677,4.578687853426443,B
0.4160500462614255,0.1725546430412359,6.377793333215864,8.35459394476964,B
-1.1561824318219127,-0.30266960456326464,5.549294407224889,4.65485967436008,B
0.7811981017099934,0.6976660512088202,3.7927591279618187,0.6558209567040296,A
1.4944845444913688,0.6097568971084777,6.41771915073428,2.2654553229584695,B
-2.0699850250135325,0.996709754198539,5.845637149353323,9.943748347169384,A
0.42625873077810095,0.6946153766674696,-1.233713183198252,3.3417760276936868,B
0.6769080350302455,-0.17108693038864065,6.288904066822084,1.6030521702543288,A
-0.637437025552229,-0.7450022364600231,1.1725146582769859,8.058308258054888,B
-0.39727181432879766,0.6812818164009558,6.327123153182763,0.45069827390500805,B
-0.13288057758695562,-0.880484164079212,4.69185520315033,0.6640875146876257,B
-0.2977908794017283,-0.29945758531029165,7.387223361498396,2.975187794543661,B
-0.3090129690471222,0.8394759615425476,4.803677577588139,0.4740097463539672,A
-1.6760038063299767,0.9215329468902014,3.226771479887775,9.957126838923056,B
1.15233156478312,0.28112918704243683,4.705292670834313,6.911288860821325,A
1.079618592036821,0.3772966339674271,7.119612589867549,5.195864408573572,B
-0.8133642592042029,-0.915091022548955,5.052493235723174,8.051663899562637,A
-1.466424327802514,0.028960682179095754,4.7713296802552465,6.624868006119336,A
0.5210648764527586,0.0937363576126824,6.487107031016674,1.7326495367589456,A
-0.5757879698130661,-0.31979850775177776,5.420718733259626,2.196337996488893,B
0.14195316332077967,-0.8628063304922313,4.988145188333537,8.676942857212914,B
-0.3193284171450952,-0.542184800551212,7.732120136806663,3.369613267738214,A
0.6915387510701866,-0.2840321262776073,8.110228064118136,4.476403426248784,B
0.6947491436560059,-0.12971602696734075,6.226652452657403,3.9113571212334652,A
-0.7255973784635843,0.18185345106713835,4.428081697029654,0.5202981200504242,A
-1.3833639553950554,0.44478303739647274,7.993821987041654,7.045737172836195,B
-1.582938397335082,-0.3647362534521077,7.366239114663414,5.400740807862157,B
0.6103793791072052,-0.34209248016203375,6.437794331056583,6.761400818139302,A
-1.188859257784029,-0.9606167145525926,2.567846838508278,2.7823138966714334,A
-0.5068163542986875,-0.9182502798119634,5.281343806615922,4.069139083269768,B
-0.5963140384505081,-0.4843566113829272,3.512655650598254,1.9264976227164798,B
-0.05256729626954629,0.4804899953499133,4.6819754968912815,4.196826314371977,A
-1.936279805846507,0.2566276607478244,5.4801138585934375,6.534914117970338,A
0.18877859679382855,0.5395780413556694,5.200318816181247,9.44689043192468,B
0.5238910238342056,0.5378388724296435,4.049649788341503,6.634571998860077,B
0.08842208704466141,0.7131349353386025,7.5459074978398215,5.251597299929988,B
-0.3108861716984717,0.4406385319737671,1.6077374663369137,4.163672224981614,A
0.09740016626878341,0.9580218380016456,6.460367062259229,1.0554968426098033,A
0.3990463456401302,0.7976504386036347,1.285033456810924,4.770742969319903,A
-2.77259275642665,0.17343433244646844,5.765196273446926,1.5510809316064378,B
1.9559123082506942,0.17631534098234347,3.226191347432249,5.821871830790901,A
0.39009332268792646,-0.931465919295541,6.756607515465061,7.30247077610584,B
-0.65240858238702,0.9970531554167086,5.172905048015187,9.464956116881924,B
-0.3909533751876011,-0.7368480052677164,5.495412756933648,2.968528676879666,B
0.49374177734918845,0.48069439326318397,2.963441348866297,3.96905538757533,B
-0.11610393903436653,0.6420303902486177,3.6908597300048323,1.8295193952533229,A
-2.0306844677814944,-0.25389094138959356,5.414434786821907,8.779405098804325,A
2.0644928613593194,-0.6062958906693725,6.1671398538186075,8.240772244494227,A
-0.11054065723247261,-0.8024802264188899,10.858192483527723,7.749598946732359,A
1.0201727117157997,0.49721201165915563,5.445716646206973,0.5729003854990133,B
-0.6920498477843912,-0.09469294158860864,6.952075050737852,5.5671944197492165,B
1.5363770542457977,0.4274355180022713,1.8861321349814788,2.350135620354691,A
0.28634368889227957,0.8308152977036012,2.340216277331874,1.1968519672230693,A
0.6088438344754508,-0.7068325276978866,4.2890104507830955,7.816131001833893,A
-1.0452533661469547,0.8383420014475993,2.6051446087228673,2.1158137510768196,A
1.2111452896827009,-0.17674708098312664,7.972798506932769,5.008116982476696,A
0.6898181645347884,-0.3894659802054219,4.179562614439343,5.260963484005408,B
1.3018462295649984,0.8861245212055582,7.764363776786277,2.1328200403897157,B
-0.6280875596415789,0.9813033852127988,7.973564948171262,4.922611663223822,B
-0.4810271184607877,-0.6022155644651037,5.085559439767134,0.5281989759999695,B
2.303916697683942,0.3136766939039666,6.003599507615278,0.00072449638492178,A
-1.0600158227215473,-0.7870093724578793,4.887801053318194,8.803219316643702,A
-0.13594970067832082,0.3018280077150115,6.076874000709077,4.155887020861522,A
1.1368913626026953,0.6546264555516994,5.966683703561143,9.074197989533555,B
0.0977249677148556,0.3689970930481352,4.752700748215939,4.9630735972825955,A
0.5829536797532936,-0.1653337158748085,6.009939962925681,4.3110829458816475,A
-0.3994490292628752,-0.2338672808724609,8.447392551334524,2.959121406586073,B
0.37005588784751875,-0.21375516955316587,6.426032459421876,0.8168893759303875,B
-1.3065268517353166,0.17942363598584632,5.651599227281251,3.0969464926452184,A
1.658130679618188,0.7631345401449912,5.2495390420864245,6.084702651738416,B
-0.11816404512856976,0.8581323145375357,2.974653752462818,7.627863472229892,B
-0.6801782039968504,-0.8929407595853638,2.945406245849075,5.408255176538437,A
0.6663830820319143,-0.6367552107086234,5.646713062960517,7.582558436964188,A
-0.4607197873885533,-0.775551368343423,2.2612177519056855,1.5775159165898744,B
-1.3342584714027534,-0.613330718466172,3.4673448020728337,5.832399316791737,B
-1.3467175057975553,-0.30678437878165643,7.563022680728267,8.826032270257103,A
0.6937731526901325,0.013063365245247649,8.828459394125629,2.1796020764080337,B
-0.1595734381462669,0.2589224540183044,1.6680878464045632,2.276689383929903,A
-0.13370155966843916,0.4642844382794029,8.253299124603164,7.484325130680506,B
1.0777438059762627,0.7802230827716141,4.5771234183088865,8.120567848487955,A
-1.1268258087567435,0.9781768744595816,4.969989825937271,2.480463296940992,A
-0.7306777528648248,0.32571295711423964,4.7731767387145325,3.315698041877778,B
-0.38487980918127546,0.6907290373355259,7.161088254050974,6.317694004506118,A
0.094351589317074,0.5560776938493979,1.7846468419136459,3.984317131891898,A
-0.042171451290578935,-0.38493592156257606,5.912327222710267,6.240109701292528,A
-0.2868871923899076,0.751384540469846,3.110259605223978,4.964300320967251,B
-0.0616264020956474,-0.9144737241044023,6.141577058763147,7.73651309078725,A
-0.10730527629117469,-0.9992653124970843,8.085592676586103,8.458886469133242,B
-0.7196043885517929,-0.4525347412230716,4.99916534717476,8.6382720930516,A
-0.8129929885540773,-0.07580494074510025,5.748310171941605,6.1152507772984315,B
0.2745163577239395,0.27672579000135467,5.819103556475382,6.125841045192503,A
-0.8909150829955279,-0.7964594669109104,3.40081300065902,4.496468988194058,B
-1.1573552591908536,0.34602026766967997,8.023278699768637,0.2761404496330544,B
-0.3122922511256933,0.6036317341193891,8.412936494521977,2.9918021946326245,A
-0.1576670161638159,-0.6293741608412664,6.403566744234058,0.636977185007408,A
2.2567234972982093,-0.1697494903364123,5.146570864015291,4.377852488597531,B
-0.7047002758562337,0.039969979906619546,4.076212369291431,8.494852489826142,B
0.9432607249694948,-0.0963859638310387,3.7470195537018247,5.968020177048212,B
0.7471883342046318,0.5996598617769413,8.421673165093312,6.75532598269557,B
-1.188944955203736,0.9210447962386616,7.828830085458048,1.8800797177707496,B
0.7732529774025997,0.5979063280163599,4.872677022420901,2.6195314970279426,A
-1.1838806401933177,-0.8440143642483509,1.8401389406577526,1.6313215297289452,B
-2.659172237996741,0.6098711443182543,-0.6640237398179742,8.426887622604307,A
0.6063195243593807,-0.8668073355288977,2.8331466794714406,2.8031301298749254,A
-1.7558905834377194,-0.52805922951686,4.738759208009761,5.623263097012292,A
0.45093446180591484,-0.6938062063285544,7.801378068886002,1.4112861301900848,B
-0.6840108977372166,-0.6049617863078292,3.6966875818844382,1.2398890832731169,B
1.6595507961898721,0.05663025411470124,6.009630912681003,3.4758336321601746,B
1.068509399316009,0.3433797152217073,7.6063619232968644,3.303531580600173,B
-0.45338580385138766,-0.05935743532791804,5.257072633712096,3.2885323381140785,B
-0.6878376110286823,0.9193912780584872,4.715104262422317,6.009327870197562,A
-1.2140774030941206,-0.5194153599396667,2.382472971522784,3.1599015604044443,B
-0.4409226322925914,0.5262804605095859,2.5950493835911344,7.687358689747713,B
-0.2803554951845091,0.740364357014297,5.832199268831647,0.9067076824664133,A
-0.3646935443916854,0.12413222150943826,4.598184933598146,3.247858577376286,B
0.15670385527236397,-0.08755499607689377,5.245062635306603,6.691931285020627,B
0.5785214977288784,0.1923688935584873,4.905444568607506,6.029321104775301,B
0.349654456993174,-0.14238045967931412,6.328288098717301,1.1951561836705538,A
-0.764143923906443,0.11038776464673883,3.43062517714111,4.394734931348375,A
-1.4377914738015785,-0.16613209574239685,4.328838712833666,3.0922146287453667,B
1.3645318481024713,-0.19906057941173194,8.792364457266288,6.318704323147726,B
-0.6894491845499376,0.39069293627905965,3.4004277232284585,1.2987027957280362,B
-0.6522935999350191,-0.8142975738640641,4.436849138399796,6.705659229837076,B
-0.5211893123011109,-0.6669158545423584,3.8212265960428615,4.638325312697898,A
-1.8430695501566485,0.7023969434300079,5.889562724814501,2.74889987919257,B
-0.4779740040404867,0.542154693630376,7.044784644884139,7.474439936640761,A
-0.47965581400794766,-0.43709254541121245,4.00357676282778,1.879098553132461,A
0.6203582983435125,-0.24546213466847955,4.13717131779063,1.522379385630518,A
0.698457149107336,0.852053013256961,4.442036789393939,0.15355936564545813,A
0.00377088908626934,0.6361544503477226,6.059667566949916,8.61300356312702,A
0.9318483741143037,0.22869259995926172,3.5212093949796093,4.923655407134378,B
0.339964983801262,-0.5570196423940845,4.248080068057481,5.167156093215455,A
-0.01568211160255477,-0.9114960573694608,0.2556122569739694,1.1476261670583532,A
0.16092816829822298,-0.13748430631620367,2.2365099810100295,1.0777613604762737,A
-0.19065349358139935,0.34525427851492374,4.775112487961423,3.3378340489470295,B
-0.3948495140334503,0.6569609810357031,6.795728346406243,5.162306440186114,B
-0.26773353689396645,0.7053780114845387,5.5901515666037245,7.008722190433495,A
-1.1280113314700069,-0.9344481974132732,2.802463086665401,4.992703565129284,A
0.280441705316296,-0.5116859323262413,2.199487583744116,8.315584310390406,A
-0.9931236109295807,-0.32181082304519393,5.349360185796337,3.7739233174698903,A
0.8416312640736364,-0.6225355780812283,1.6943927154943128,0.28087991954701463,B
-0.24945858016094885,0.6059507567276756,7.131853637433778,4.261522750261127,B
0.04949498165009074,0.534931526169885,5.127792383300356,0.8500262931736602,A
0.49383677628095635,0.03366608076194155,1.785359681531884,3.220544273636916,B
0.6433144650629279,0.9658529559917111,3.0680922823162606,9.851546831184075,A
-1.5706234086334527,-0.7118829178183155,3.5513773615377544,8.573542571210433,A
-0.20690367616397173,0.7993034066553377,3.4536149795531226,2.3645571315893896,A
0.8801789120807822,-0.7670734916761677,2.0201339835570153,3.759624313127088,B
-1.6981058194322545,-0.6736365889717586,3.2506749560223094,4.311651309443107,B
0.3872804753950634,0.39243840050123757,3.6311968877191476,7.638683777001858,A
-2.2555642294021894,-0.7808606159166214,3.5774284887791232,0.3345712782056509,B
-1.0225068436356035,0.13169019083742173,7.255913249866762,0.38622770027903375,B
0.0386305518401881,-0.1595329270546928,5.209655605654429,1.1711786752871545,B
-1.6567151023219537,0.4569479310820297,3.0134855651248955,6.283249825850742,B
-0.9855107376841507,0.8013504776177303,4.330756788091756,4.145466172444473,A
-1.4718350074635869,0.5397430293381107,3.2408858053772316,8.48925628762334,B
1.6481349322075596,0.6993797528423766,4.399986681976486,2.8405789022783723,A
0.16422775548733395,-0.9341091029375352,6.7510183062827664,4.892520298094337,A
0.5672902778526694,-0.37960900351159377,5.504541561224251,7.067857215297443,A
-0.2226751005151545,0.03086617337266473,9.571202363056134,5.4520119716500925,A
-0.35343174875719907,-0.16809337074044106,5.751854851534961,3.1679997775695936,A
-1.6164741886510325,-0.5374900940406231,3.172810980045786,1.525427686133508,B
-0.2918373627478628,-0.3842518040799534,6.619481461628895,5.406034186244121,A
-0.7614922118116233,0.8908619407832115,7.159862434285071,1.4215650226214827,A
0.8579239242923363,-0.4116382402572969,7.188333982887888,9.393044596914455,A
1.1411018666575734,-0.29219177964042853,2.811518093929817,5.398906106106404,B
1.4665787155741776,-0.9925804524999626,4.704725170970325,1.749153048569262,A
0.852551939461232,0.690155254555749,7.263623913656906,7.206425469169075,A
-0.5986539369229861,-0.6903185931968467,1.6305420822521177,1.0354719431977222,B
-1.1158969859603944,-0.5917114489725479,4.001166477955923,7.716447899740201,A
0.7666631816450861,-0.48947096581594884,2.146124629146017,4.572891110790437,A
0.3562928174722889,0.7692441136896853,3.134859540205974,1.3266195551253201,A
-1.7685384506770307,-0.5870971775073706,2.9750856945123876,0.37211036308801515,B
0.35548179274376907,0.5950527217358799,7.501139665086869,9.93377993689905,B
0.8145198224878664,0.6160986806458091,4.5309239301824995,2.743682900876313,A
0.05892558918162996,0.8540411375727917,3.273288837316435,9.522486220717061,A
-0.18505367100934153,-0.7688773727993721,2.9287885372310107,5.018363367370507,B
-0.8076484876163557,-0.5654420553243373,5.28333432974306,5.030153839254815,B
-1.4465346995633879,0.48579658416144267,4.977728745318665,0.910697183721334,A
0.8002979493400275,-0.6079984914385219,7.688148749346854,9.50705818837975,A
-0.3091144447717088,-0.42734090625310195,6.000033391714605,7.328958645500868,B
-0.23346666154369272,-0.6665168397772747,2.136404443869925,5.187278381595512,A
1.7327211869191332,-0.6546066276899014,3.7420385848174633,1.2025713907388602,B
0.6845011068591904,-0.0368932907435886,7.140145024141955,1.7567656948828547,B
0.3708250012811021,-0.7806338757740829,3.757834604597245,4.3216660514178376,B
0.14206180518723566,-0.35660476307275557,8.469144349847419,3.6225882073221696,A
1.5199948607657727,-0.146812180802242,2.8034211373505067,5.581380068713328,B
1.7195893074161945,-0.9509037669520448,6.14522670608158,0.7634397475720878,A
0.9295051114795281,-0.2233336670510948,3.2775688932027167,0.4034601931833981,A
0.5822245913979243,-0.8117551278289661,3.980809734107285,5.111030866900542,B
-2.0946030712061448,-0.012842937707646662,7.197163296462293,0.28501380929072284,B
0.12372191423350658,0.6514763771141927,4.745865674322966,0.595519540101761,B
-0.130106954193704,0.6368443243635744,6.626904490228214,3.763414581904063,B
0.09395322938556872,-0.839102968925199,5.946581189829599,0.6177906973480196,A
0.9430460873225178,0.20245551534904038,6.5077313671246015,3.8546962661635007,B
-2.7396771671895563,0.6691727639424729,3.2236235778289735,2.417505159094364,B
-0.5693120534701851,-0.5240549141307294,4.556851203591998,1.8777029710908766,A
0.26990435494076137,0.5238530228991982,5.84850523620174,4.046798314862628,A
-0.4668455460527625,0.7815286929001866,3.301854254612679,1.1990390563125708,B
-1.4169061131262595,0.6122483028808883,8.259000086464656,3.496393671192708,B
0.8689634868967954,-0.785397936968991,3.445543915689731,4.348736293666029,B
0.27687190584612803,-0.9818800009552302,4.39999284612441,8.300029469601379,B
-0.9711045704444846,-0.6165517801563087,2.986881870411525,9.328061824822223,B
0.3148172045158238,-0.45904531810675353,0.7133838695226231,3.0833843446623255,A
0.8215857120497958,0.23236598123191898,8.593837045149856,2.926420497404363,B
0.005292646299360854,-0.23145364951536318,4.591322126193906,5.665182742712181,A
0.8005648034309968,0.40681406132294695,4.104170323168919,1.3741442640032386,B
0.07826017516166135,-0.29385007895678283,4.602569876658403,3.4971218472805745,A
-0.39522898265435435,-0.6911491506907994,7.839727944392871,0.5321637916190736,B
-1.159420516399913,-0.37462031302792975,3.0697867838711654,3.7906814378212763,A
-0.08593076697161273,0.76864845277827,6.359135731530165,1.1415134572311048,B
0.19429293804577166,0.9170646884901297,4.152423502901048,5.61812911802296,B
0.8758327615873309,-0.584974531865263,3.8066582889233804,6.415937343956617,B
-0.11510746848722672,0.5769367740488827,6.134116425040364,9.870915366766958,A
0.4574156062209908,-0.45330252692025863,6.976481147485394,1.9513866225943999,B
-0.9646120137337284,0.7742630868628151,3.972194099440169,2.072021488024639,B
-0.7826291558275251,-0.6689087744074891,3.46230168065038,9.474195185897651,A
-0.11038929902688775,0.3319198373881138,2.6618085053559457,8.646408384568185,B
-1.0546284639850139,-0.831577470573635,7.207007533456752,6.160540494372189,A
0.8202478373246812,0.947786647947739,3.849488010387764,8.41407236750209,B
0.4631303293186071,0.40126668928108566,1.3017385454490977,2.0969214472148847,A
0.2790957643924534,0.6836314788101705,7.819904276792292,8.740288228634359,B
0.33890412521594454,0.13333867872606908,2.2602809960941155,8.673075096746405,A
2.0210435614847975,-0.04639727214227962,6.558921062518123,2.4811224848006264,B
-0.46886418796679563,0.24376478278873015,5.366857293335049,5.083733142598797,B
-2.201441285500558,0.057483023398896105,5.575830864430557,9.297742638910044,B
0.1993001968964652,-0.06123128970969405,3.8312494493773563,6.791499961674852,A
-0.050603540961665895,0.5189005029152856,5.731182920449272,6.605191053207405,B
-0.5175190425104033,-0.6435980901214637,1.6644402142315253,5.597646005643659,B
-0.9788298593587699,-0.657655903689683,6.1760754974796255,2.688315646932502,A
-0.43918952180214793,-0.13631469870058766,8.11402008306432,9.78415371511259,B
0.18133842921782128,-0.358504167910108,6.768054394852652,4.475096456221829,B
-0.5028167006425383,-0.8517509641739518,0.9609198292265573,3.1145009655296385,B
2.4124536795437486,0.6889409848374688,3.0315819954543035,7.285807096817772,A
-0.960504381633148,0.5432056133886995,4.624410156050386,6.077048132604675,A
-0.7931173627076716,0.08784299960596953,5.973874609879865,3.422413082046126,A
-2.2886200400145285,0.9586490745287379,4.78669465267955,3.0379159085703735,B
0.251484415021537,-0.8547998669047894,4.013571225779004,2.1450668516253235,B
-2.01640662779976,0.53333860205575,6.190600615384586,0.7848643674025946,B
-0.5394546333745014,-0.4672592167818064,7.328303532449933,6.257109065192587,B
-0.27567053456055696,-0.2628021601128492,4.535411985626805,5.056936381437552,A
-0.7097279658468882,-0.5614412295938649,6.457859734770478,2.3484841075284613,A
1.738872677454511,0.5780757829237304,-0.15810149037894927,0.5512452558336267,A
0.9943943913154989,-0.711519795956868,3.1249812277825413,0.18901068263763698,B
1.3191368763015756,0.680033395470556,4.357482125883981,7.384959296651173,A
-0.8824188185499185,0.3231552964596678,4.0228675584907485,1.8825318915516998,B
1.1285940645145685,-0.8819535094617705,5.66559643480891,2.6664361938950663,A
0.4960009463439622,0.6219634632003068,7.027501094996522,0.1411219378059636,B
0.7714059486768455,0.25551143232595885,6.013338052056777,1.5063905483217888,A
1.0294388287827672,0.809964639156683,3.7555490564898886,8.744457175624959,B
-0.9087632459590531,0.4974446128172765,1.954463818991628,2.4206083474245776,B
-0.4243176209779015,0.12224185485954964,6.113928241157774,9.53958198483072,B
0.8625960113284511,0.6730943612383955,1.3236465206599757,1.6434683840013897,A
-2.655619092974933,-0.4438995233975558,6.306074566812857,2.532614586596443,A
1.5133280825732052,0.09390012368912726,4.623101835739863,8.677099684769924,B
0.553132064207584,-0.4127663603931797,2.6483300241235423,4.266083386918211,B
-0.045703960660234855,0.9364087821810174,5.5745146249335855,2.678289391936058,B
0.2205076557571733,-0.5476073983159873,4.994247794681998,6.928137627201797,A
-1.0299352833089765,-0.968523520659075,4.926805414167506,0.5122840398223982,A
-0.34994336458910474,-0.34829031599240756,4.831553406945212,8.906051765785046,B
1.1002843382203737,0.005018793939609356,5.839048216852283,8.415615453566597,B
1.2980219723262212,-0.9432741315398498,6.848868043917019,0.8579703513243586,A
2.6962240525635797,0.1184966000678147,5.993230396967703,7.986187466244946,A
-0.07392466628041514,0.7485655499024604,7.024266379644619,9.611704418831957,B
-0.6585529668050037,0.40946438883334024,4.911720562304388,4.9206961915489345,B
-0.5142339659399888,0.24593664595660858,8.236918648463949,5.681533501260379,A
-1.0180418752873648,0.9119235014165026,6.1422196442596455,6.797967402259275,B
-0.07785475594085076,0.9165586676842117,3.9126119406344464,2.6672694321601096,A
0.38273243001226814,0.6485329394064572,2.81220988653119,6.496612589883748,B
-0.03424228053195387,0.21548369477170204,5.41159360746816,4.7486750010294205,B
1.0963468456657985,-0.02447088100458661,2.3869569541547984,4.055418046135783,A
-0.23421580134453654,-0.9733677735070654,3.0532480648865032,9.028015595875049,A
-0.3474506524985633,0.21252381245308283,5.478174160747199,7.979031099484839,B
-0.5812684768603252,0.9781761507137074,3.7842251074360918,9.346076282036272,A
-1.6326345262344952,0.636202100048058,3.1333675195461552,8.366518248871062,A
-1.567767724308454,-0.31879071223129607,4.931049907823203,0.41810601153301374,A
-1.1791579306376878,-0.695905949911156,5.1453557982075795,6.065293910758234,B
1.3014280716647608,0.5681172289343082,4.588331949562525,6.976368815154709,A
0.8952602728899299,0.48787564126348304,4.244906161881423,6.648574757163001,B
1.3749640663929898,0.9340935839586462,6.7092854574248975,2.7195643475835074,B
-1.3322116545945017,0.7496847238786777,5.684854702573655,4.256303514649916,B
-1.9686246897860202,0.11132525054481479,4.553147775610608,0.3902913808359587,B
-0.6600563201340829,-0.7974315060705157,9.92864386703073,0.9409412769567327,A
0.175818953296028,-0.032998683232079884,5.3876634738568265,5.605119006191838,A
0.4986902749098275,-0.372609891955366,7.26401026735466,5.824117644655802,B
1.0479721559680528,0.02481696404967959,3.878037993736487,2.012292906236388,A
0.2842796708072146,-0.3965968507206936,2.2741181055839808,4.482027237415462,A
1.7426687806556311,0.7236459839511915,3.4164869687130714,4.720772597486615,B
-0.22260568094832048,0.6886540279656443,4.463980433203776,0.11336777535180254,A
-0.9130792180417964,-0.36906968566588816,4.006783580540966,1.4252078330249296,A
-1.6812182154944335,0.19916269274798992,7.672772364645587,6.243000572826787,A
-0.8889713580954499,-0.13963828472189177,4.759917755807784,9.928201077976171,A
0.242117960985123,0.8181855140571264,5.9229377548822795,6.503917479374362,A
-0.8887202573536308,-0.6252781971473544,4.90703768793422,1.2021666718785995,A
0.9367424635352571,0.39545680356991864,4.132891334533665,8.214402970991067,A
1.412327706037443,0.9407506556744332,5.07599202690703,4.315377211815841,B
-2.369586905226603,-0.6494489608738196,8.428102939541464,0.8370020921444421,A
0.8640523004976479,-0.5960671431515936,3.4641028165263696,5.998245833260225,A
-2.2396040586617367,0.3874466773444558,6.533980901119103,2.280460981649189,A
0.4014990550902875,0.5583078490498279,2.9479854967484362,4.167817473795294,A
1.2248705641936597,-0.018901890412134525,4.080747115461122,3.182942498743513,A
0.06485610634357618,0.21937293029424265,5.007166411909167,6.4285394750723945,A
-1.2796891732042395,-0.5746351823763425,5.652750179453982,4.31034672806622,B
-0.5854312042777726,-0.046771542865347904,7.966257255947628,1.0398209321647645,A
-0.2616454457109007,-0.7758562382501697,4.899834717070929,2.156755661320542,B
-0.18224478378994294,-0.3571561494486706,3.312768786928147,5.004452736380616,A
-0.20289684076666706,-0.4304405899380914,6.300083946101539,7.891842270707597,A
-0.1098827793093138,-0.11074927979515992,4.271660382168488,0.09743265237635246,B
0.2134800489101689,0.8602527244873939,5.477363141863671,6.124272839894001,A
-1.2085736537332212,-0.6374646757043152,4.767555120924496,1.158817586756662,A
-0.2420198298702195,-0.197223506750559,1.1130862974263547,6.0404942376816955,A
1.5182611703557054,0.23119443821928942,6.016598371187946,8.36807635478249,A
-0.38464542314251776,0.8931141721480034,6.1667360136425975,2.28482966476935,B
-0.4438360931551978,-0.7337036169284636,6.853209536617211,4.955147524772677,B
1.0781973037142378,0.835753233986227,8.600925524920456,7.740529258445351,A
-2.5591846663440965,-0.8378924227318769,2.6097924530730485,1.7557747925462064,B
1.1813786012882859,-0.038517205679471145,6.033014888563519,1.5256114270196153,B
-0.6319037580051673,-0.09082026553903444,5.818589993281911,9.050458686392602,A
0.16392857245258663,-0.5807945422456089,4.161836014384356,6.946466513738965,B
0.09632135592119682,-0.305080663768305,5.794212472899558,7.365733630422216,A
0.9424681192203938,-0.0916694633032038,5.9992939102239315,8.439686276120403,A
-0.2675947462353477,0.7304229258212585,2.562632340045606,5.394257808850114,B
-0.6780257815644504,0.9101282907471195,5.492445522552864,4.884054991924637,A
1.2978457906510987,0.03785135727433042,3.164031387990769,5.562573515833802,A
-2.36417381714118,0.7401995805888437,3.696287000138819,7.170179689321408,B
0.02033418170524325,0.21634317135355885,1.4505103696227,3.909373051522614,A
-1.3479254226291204,-0.3018253160246491,4.053278148995043,0.9516824671698387,A
-0.761573388256559,-0.6116115847730619,4.592858657053046,1.3559688458288466,B
2.011256681463137,-0.17373045643447038,6.099713734592782,9.739029580424036,B
-0.044595426455857026,0.0456485658476955,5.001799853342214,0.5171766234078246,A
0.19506969715138117,-0.9111132234808876,1.9154236984006427,7.116193374491492,B
-1.7815628557055914,-0.7083176682582986,6.724296113768535,9.436815284210033,B
-0.7290446587946957,0.20036884796288001,4.762826752899816,1.2925954724058308,B
0.19655740072878491,-0.5499968106456758,5.976741180859315,7.222643778520782,A
0.3547576931132181,0.6746527521625949,6.931872236919403,3.0245659798031066,A
0.6168865543932788,-0.34611550045161876,7.84520949793807,2.3696501831116388,B
0.008627898917576322,-0.7903315854934982,8.922453978730031,8.526226082130755,B
0.5270042084546597,-0.8329388228893659,4.855522482656664,9.093536915859838,A
0.453781912635684,0.8742460410635593,5.622248892187307,3.4705050939238014,B
-1.8297404110045314,-0.7639593775162417,2.8432778183664404,6.326475367092675,A
0.03700572191014953,-0.71818047167588,7.123200340070522,1.759376343344612,B
0.7679024077327037,0.7253321158655059,2.6302251108564607,7.897594364262527,A
0.5898798207345195,-0.49142373944531204,1.3894966227391579,8.812398878757064,B
-0.3638588099707899,0.3319028215088322,6.660772010680784,3.1867235218152867,A
-0.8056265075393678,0.6334513740597827,3.9566069501043692,6.529669842474817,A
-1.1183119243216322,0.21436128026038426,6.555214562684481,8.764176978914925,A
-0.13105401154141233,0.9149770868956988,5.816149298692338,0.1537490624975646,B
1.133079879559722,0.4177657985216827,1.7399946979525827,8.55735262079755,B
-1.951804101481602,-0.7744969801926833,-0.43935872864522896,5.721143441720545,B
-0.659891729729498,0.1168200530917598,2.8067965058145616,4.140153847751511,B
-1.139802455426774,0.43637305217836775,5.032982973961729,5.226158468487513,B
0.7849575212405001,0.6039144807468904,2.5564473306104563,8.24062008061992,A
-0.5543096265713009,-0.9473573294318169,3.6944771013025743,7.221295495500296,A
-0.4706376581547914,0.4377578305428489,2.082118538805349,5.012648506822494,B
-0.216949569936649,0.651361642038899,5.339755919593848,4.8765232593742205,A
0.4453932508947973,0.493667621870713,5.18165185407265,8.992577126953837,B
-0.39238899814963674,0.024698291311196163,4.037214751904734,2.323422036036078,B
-3.0461430547999266,-0.08395807382239417,7.794130602627485,0.9570169580913968,A
0.5433118913875197,0.09883716659963171,7.995430054639127,6.786381186954319,A
0.43904295767204254,0.4092873976532041,6.130534405072902,7.022117122057644,A
-0.21954102833121325,0.8458285812649708,1.400457637066511,5.683860268209586,B
-1.0840366206719345,0.23407042128224997,2.790619705588781,2.6253654507815605,B
0.3517801106813583,0.7756686125669392,5.814260662166497,2.9595306040476634,B
0.37923553353558676,0.4025136948914547,3.7428848395108205,6.170432288617071,B
-0.4700328827008748,-0.8633272451223049,4.025817136576353,2.729583423480324,B
-0.21673147057553863,0.0016563800032436404,6.79793478917612,4.996212124009408,A
-0.9301565025243212,-0.42702730336951533,6.021749643784835,3.3207434988458706,B
-0.17858909208732915,-0.42965014373485544,7.628308867627897,5.1043817613464935,B
-1.550429345083481,-0.28814489756803163,4.141581406707045,2.293638996894345,B
0.4173188210318355,-0.37053445599904844,7.750450840893794,1.9806047831528317,A
-0.9443684908242939,0.15721996023420037,3.8917375058310286,7.339983398129095,A
0.23810314783231212,0.3672030007071141,7.9989829802775265,3.8572753736040655,B
-1.4059629162678993,-0.4625012258465291,5.2116692872335575,2.3256619116471446,A
-0.5900576458695397,-0.7404747548632373,3.278980505780784,8.584204014821601,A
-0.11048940506592783,-0.8823825581310758,1.737560984692934,4.017004765201964,B
-1.6606998118692633,0.15150569006110448,4.397055370276614,1.1587016526054772,B
0.11514787314009216,-0.6277396673339952,4.487534604009122,7.0804796384555235,B
-0.37914756287992274,-0.9815040115526013,6.715323820244905,2.799719892417042,A
-1.7423561978092306,0.8555061586474082,4.7788189943835855,5.652422453590413,A
-1.3032427541123157,0.07428083816648123,4.1351360428431105,6.236930402621592,A
0.6051200840821667,-0.8151036395060545,7.154074945895073,9.625743710919204,A
0.895555985551324,0.6858422242549707,4.550346877459697,1.911012006151671,A
-0.13190863977996706,0.9664054765802361,3.8475163675461936,2.8417205727033834,A
0.4047618120404975,-0.1027986759645656,6.149217834585146,9.322198320783206,B
0.2238435633129107,-0.9150207835236837,4.020343562305467,7.182929063140008,B
0.32962298212773805,-0.764908118487873,6.317604283383026,4.493309969752122,A
1.285984007080293,-0.23669250670913566,3.806165776433611,7.347733972292893,B
-1.506998398214272,0.7710452748977541,4.554081634059241,4.133851232096328,B
0.6764607323616232,-0.7039226414444759,5.304353951176533,4.100515213789782,B
-0.3820089555778202,0.647980188005391,4.251747359471389,1.5641675422411383,B
-0.22425893425164034,-0.9700474795619611,4.9730970612852206,5.220482465927828,A
-0.30224973045507003,-0.08522260242837798,6.6309439384801205,2.6266441418502784,B
-0.37514711666128386,0.2887942819011362,5.821203582640095,6.335934359532995,B
-1.226196191783019,-0.8792410359488072,5.961939700069247,3.9860618283936455,B
0.18333919925760125,0.22952550123297333,3.729139122761466,8.537210327292984,A
1.6709430327888573,0.8888082429391122,6.705659536548736,7.713625911305236,A
-0.056133020448757114,-0.6794801597268099,6.339124681018165,1.479332331935591,B
-0.001385042735095726,0.45922276607070556,7.00883838452325,5.910919631856151,B
-0.6872990371566635,0.2181877958870868,3.5472683356277956,7.137406204838045,B
-0.11747454641811148,-0.6297672222415389,4.655082806637086,5.144409116098255,B
0.46616642603403075,-0.9875931705812679,6.267067804920801,1.1394728199082904,B
-0.3702424407043429,-0.9814310989881458,3.782369765165737,5.032473941239354,B
-0.45380404105200106,0.0641848183440572,4.547755060472087,4.328989896562977,A
0.4032645401632468,0.8855588191223871,8.851611474919054,3.257544359864233,B
-0.9180047698190454,0.2885972549312248,8.903522024535627,5.825355715461468,A
0.2524966270768724,0.4285996925874873,7.479881099654721,3.2487233298764098,B
0.8203217972614217,-0.012269026158925778,6.877170272499536,2.3555668700529053,B
1.3599485416794843,0.1637778852691396,2.961497700989741,7.359012753843811,B
-0.09038200727694681,-0.7472649493387931,6.0251244628522445,2.133710213825423,B
1.3675972398067135,0.7536412408012616,4.2817668098682296,8.052882554318364,A
1.034409886481518,0.5215852573336037,2.8828562047892645,9.7916100621838,B
-0.9962126403710662,0.9963979056892192,3.98198832281736,4.412387164531593,A
-1.217938511593151,-0.4045541048887573,5.2313301480926935,8.123923859918667,A
-0.30496363785442043,-0.5459644564078843,3.905288851402667,1.6836772838981873,B
1.0289354925948542,-0.7496766840773141,3.89840114858632,7.9730350220080375,A
-0.0722870075600049,0.9284195132320896,6.584082996845948,9.624671585337337,A
-0.6006575576577885,0.5617703692560472,5.288212970246463,5.1702339416990295,A
1.5522431800485608,-0.6673507725607226,5.4669161593246365,2.557198042079394,A
0.2869044880033464,0.10537294221642779,5.223744793792597,1.608262682766265,B
-2.3205942757907416,-0.17246358386544647,3.648593713256698,9.166268292838645,A
0.31716062629268876,-0.6970279843876144,2.2588561640786233,3.2457253868669422,B
0.5200406145708678,-0.675854029940069,5.621129420840957,4.970037308830659,B
0.2256086544711038,0.9269399894903714,3.9859267357491124,4.334315511718458,A
0.44971210023199254,-0.3900716340845556,0.9784354628282443,4.352155204563573,A
-0.06727560892298173,0.8828785833678865,4.214865484069695,7.652582604512473,A
-1.3183958696447342,-0.8487786538698312,2.815564117318753,9.351583193150276,B
-0.37070400322045344,-0.07839391541361884,6.39730046861551,6.36774677228067,A
-0.9456157955562914,-0.7407619029664798,6.04325045448068,9.571382224472131,B
-0.9327409107943778,-0.9904252295176557,5.993786289676939,1.9044466860803377,B
-1.2630683491022754,0.10753214741215311,3.669916763682618,5.639372766283968,B
0.45248909263964643,-0.7722117903772732,6.463103163724308,6.8550698537839105,B
0.0978961454126271,0.4440490618673594,5.639299566268146,7.149763296261567,A
-0.44816536268070806,0.3962327514137991,4.180290923120361,7.558474510997049,B
-0.6493379277303881,-0.6473341850710217,4.093325135722966,3.3315010163416456,B
-0.02342310502145217,0.8834842865310333,6.7854163057474,8.82194579502589,B
1.0791947281124892,0.4420868168649792,4.052791886072684,1.317055624519009,A
-2.004215715498915,-0.4040594716861401,5.607312947052557,2.7853571434901214,A
0.37687652085089274,0.41846752790158126,7.067913973625567,4.687140005766252,B
-0.5457119740177824,0.4638605553630719,8.818685251114218,5.919980925878519,B
-1.8845858449794477,-0.31554733749807884,8.32774624887546,2.9528418164291645,B
-1.9457030831639588,-0.24882287507708156,6.80164552841806,9.07825644951359,B
-0.9127834941352918,-0.2817869846933998,1.9881772968572258,4.518468315175906,B
0.21950955579304526,0.23323688710414814,3.6219031411640574,1.003373341156848,B
0.3930629339800916,0.8008202930803587,3.903825625054929,8.190517657862706,A
-0.9389815726777853,-0.6536135275428248,8.306299665130641,9.654538957507878,A
1.0170209914132446,0.7503992196726368,3.6013641180558182,3.4632765008584485,B
1.4229834965161061,-0.944693686989315,5.772332754196738,5.546435845852176,B
0.3960865849565602,0.32067719195644484,5.201734126514624,5.830706027877518,A
-0.5914026678081108,-0.17112225362061162,3.129745581124912,8.016209188013812,B
1.1244191845103682,0.5825631044649875,5.763648019238768,1.5183827386157545,B
0.7553956956633383,0.44239622586180594,5.796592172394985,8.412540640300449,B
0.867407411354918,-0.03978438570963205,2.488450236516997,7.2160950125131915,B
-0.6564636749715315,0.28772807344519347,7.44575489410682,0.3492009594121803,B
-2.8345545052747023,0.003546261399890449,0.8269799422896247,5.669151712722334,B
2.1167910214836754,0.6230369412437664,3.818485694180076,0.28033767108961993,A
-1.6108784034499337,-0.047832028063536036,6.943940587731151,4.964399473360398,B
-0.03576807186022113,0.0463119799841516,2.6134843330519217,5.994131178177925,B
2.3807453512197503,-0.4989588271656429,5.70053183912406,6.348797056291805,A
0.330576756274374,0.2100860336209447,2.40727922344914,9.268786686877112,B
0.9492464735582357,-0.3941903826603299,4.813951711111553,2.970570188607838,A
-1.5023965693817127,0.15456802908596412,0.3724537736555993,8.445658597384956,A
-1.7776669547337063,-0.6606437688518603,3.314856596573984,4.522212133704146,B
-0.5327027919795545,-0.6810618153176824,1.9141571056914195,6.669398595884487,B
1.0907497344345,-0.16594051761601292,4.196472515746999,8.079434229226331,B
-0.34624944764730997,-0.14636096977891833,4.169537208356686,7.240411659088121,A
-0.7946363210714987,-0.4637814701749219,3.6526716573817204,7.955005888889377,B
0.19796728994496746,-0.73680629926662,6.595826393133491,6.360695072072,A
1.0819352184772653,-0.9215789215722059,3.2262407922571246,8.007806089049284,B
-1.4449401990733717,-0.9495363454243677,6.268773346378103,9.090134767736377,B
-1.2105429941233516,-0.45689941998704864,8.258551539917724,9.044188415515816,B
-0.7886692545093662,-0.07629311567612573,5.2781283006093656,3.278882195041742,B
1.0946383747120914,0.45248656261225406,3.2846595908492007,9.719728273552544,A
0.2348215259487319,-0.05025659857198206,2.5013229702769153,0.576669963120644,B
2.1321534105704436,0.8081016388705635,3.5804297997610015,6.164026934321674,B
0.9364457258311158,-0.9295603908491858,6.409285441499782,4.952245577019206,A
-0.03509517686967038,-0.6386787569187313,5.311181469937795,2.30476070159513,B
1.265077838088766,-0.32297101445971466,6.873590432507978,5.351480485798903,B
0.21149701273187801,0.15499237613024497,6.540661758654424,0.659546597000894,A
-0.7049213525074449,0.7054723157878848,5.281621303756472,5.537141575902743,B
0.6799748442451024,-0.2995960960868471,5.946976523332925,8.544654418738471,B
-0.6963266538610828,-0.4640226349911598,8.710492418840959,1.4097241256290083,A
-0.29039710080386677,-0.8762216623142085,7.83131245234936,3.2535218674087174,A
1.327782695957983,0.6426069553962082,4.394507966191494,6.311232710517998,B
-0.10128148621739935,-0.24066711358664206,6.979358883871781,3.5930127868712947,A
-0.8031413873416283,0.1431003908338686,6.171701611635871,4.150030271476823,A
-0.46433769143549164,0.9671108363424408,7.2727761550794785,3.3845089816002027,A
1.021790585588673,-0.9968108587914108,6.343233144071819,4.826698956039609,A
-0.5525406734167292,-0.7090997186022681,3.05166512991402,3.7319595372730507,B
-0.38687084685064654,0.5582219880387109,1.7606308692545989,1.4424832324587533,B
-0.5102927396336285,0.6102549704156757,6.145254034410171,1.988127961986741,B
0.18392549434030994,0.5384942380655109,8.805236396739662,0.7924659002326262,B
-0.3854897603756083,0.07399778208565855,3.4486717841200587,4.676570677191002,A
-1.601836048972537,0.9577139620461121,4.6238205239007,8.454039345087338,B
-0.8871809418450403,-0.20763088000935892,2.9285045476095743,0.9055108338518902,A
-0.9327890415064383,0.20388739622622465,7.35565900941132,6.587254975151682,B
1.2433193844551549,-0.8732619909023034,0.3896662899129586,4.202231604535025,B
0.8126740421090424,-0.1802851001853225,0.472679397928383,8.71381021594737,B
0.587259379399826,0.445000175019844,5.750039839640307,3.6331354583071906,A
-0.5053583172644099,-0.5225223184586014,4.835312706417295,6.9444338873195335,B
-0.8157915419939713,0.8876551781462969,4.040753969852387,3.9911222653602896,B
-0.507517601657357,0.37356673528657813,4.397810426953173,5.419484409878162,A
-1.051880102551674,-0.4248492342848571,6.073975828912723,7.749456414423113,B
2.497200391587007,0.5379978454117127,4.17239202190067,9.67857083449466,A
-2.245321648371402,-0.8336704563837818,2.806150056533773,1.3488744756620685,B
0.5640085350738091,0.9495488450209131,3.1452741438540675,5.290970608690452,A
-1.2845522979925272,-0.901429481852883,6.776677723993686,1.3226864238439728,A
-0.10434349149469264,0.8669117822974366,3.9505160900755594,0.3050372014237879,B
-0.9880019424937344,-0.49429224450347764,2.2294448324656035,7.479506202532099,A
-1.1776289624826308,0.515648215381781,5.204356653887942,9.832713188441309,A
-1.1401963009349616,-0.9998526011337878,6.0099894435600225,5.954032831362801,B
1.7549861537420586,-0.49151982164080055,7.6579214951064465,0.7243264500451607,B
-0.13298842230959199,0.4982012132994398,5.435806774243338,0.6172797891165704,A
-0.7657021944780863,0.06467214179464453,3.6805775055806595,3.1454736366780933,B
0.555786964082873,-0.7700957007257703,5.948015734554059,3.8088406042836223,A
0.010349314566299353,-0.21274050832544944,6.454349740040873,0.03866484241020429,B
0.7200337593416528,-0.24890128983091486,4.922189386672386,8.426829031324989,B
-1.82425665593783,0.1363244883618997,4.9108012145488535,4.6857976638278025,B
0.3036039044620014,0.3359541449204355,5.520265809877535,9.957076820805172,A
0.7726948371023817,0.6816604848245,4.860287003487631,8.841469350947452,B
-1.6615982911145637,-0.005537206045254761,5.5002278137662515,5.007763078118548,A
0.44819528442331247,-0.2159565653896598,2.9561733511461434,6.270581276779179,A
1.6961815728281606,-0.7120469318092366,2.699124460362981,3.1455199925208612,A
-0.014857703354702717,0.6096459299794446,3.3277772409984623,3.0335610441348617,A
0.8214059370248112,0.42674081082911997,6.284421886658851,1.3020496221070255,B
0.6705704503109099,-0.18264520509062931,5.517595134681217,5.4540021635523015,B
-0.7075056975105769,0.036864619885338845,7.080477928499118,0.8167126508348677,A
0.03976673458649517,0.3303656888237776,4.62661815577078,4.468596592284388,B
-1.5669947108616025,-0.6703888203049244,2.7127172083163007,3.2172441992697687,B
-0.4513030371025261,-0.9456044111841595,7.289107070569116,7.905333354077369,B
0.2656879749662359,-0.36499260162662917,4.962465888920214,3.814456137847185,B
0.7231004937377982,0.19117003927232612,7.566910072533051,9.014953018499316,A
0.024612125247911617,-0.026787817437082584,6.195892982784361,1.8953043009076098,B
0.7199837301431654,0.38510925372625415,9.377237357645674,9.3054657416206,B
-1.1029062129553697,0.6393796111490704,4.560454028573275,5.932866446040554,B
-0.1016972745548716,-0.02311506653944817,6.801447810178361,1.2024160222586466,A
0.019279384513077216,-0.7314659525643503,6.782728212705888,5.021501704999409,A
1.8495912466796365,0.7012559995979317,3.8897473090111,2.679181873907608,A
-0.21416665620008424,0.14998065454822873,4.655035365786079,7.490364969626329,B
-0.4990166379941829,0.4798749615657414,2.076523315566554,6.513094388112957,A
0.02135122384354861,0.4093293072165831,1.9024077259946686,0.6273651131791269,A
-0.9191134448699437,0.9364235426624834,5.25313760306155,4.175462198682908,B
0.19275384906521617,-0.40938535532837217,6.5860141413948545,8.87136203107771,B
-0.36505521654625767,0.41061354555852403,6.27604806699091,4.07826992644077,B
-1.7913275480411837,-0.2686473337481634,5.680049196519305,7.436305616542056,B
-0.05858655113386085,-0.20917855816271658,6.726034306302183,1.1338257123155238,A
-0.31754309393019925,-0.538810726682557,3.8206044086013504,8.669166269037822,A
-1.6324233020679833,-0.3119796486982922,4.454934503024481,5.024317633850213,B
-0.06713415461452177,0.8965935033165262,6.4750430268277634,9.475721682300842,A
1.4893559620744803,-0.4148583061047981,5.866237458897866,5.373211719029536,A
0.5213037482757137,-0.5080187880868265,4.579622372406475,7.692256838949744,B
0.6119271927311578,0.16627595694764397,7.6415887722558296,9.721138959242149,B
-1.3414967255830426,-0.4839280865164908,2.415997497905745,7.293470099299623,A
0.4768983689222224,-0.053228548811409926,3.962642625422815,5.77273336360849,A
0.14844958138007808,0.6683525131124739,4.433204451087495,3.667081396093276,B
0.5290452383344316,-0.5391993713856489,6.63306975954754,0.42525087525908667,B
0.42262862170882565,-0.14661717563215992,5.00477039583047,4.325457091579801,B
-1.3597807255038137,0.2209794700400638,2.47701650641877,4.124804579304488,A
-0.04140081155796743,0.09125784914697088,6.028008359632127,8.230622576375538,A
-0.757870860425166,0.9494464748304745,7.175092630933789,1.8925270619796941,A
-0.05008409428482209,0.3607405087903901,6.478609066266053,7.426448519538486,B
-0.8974009269018305,0.4798924840968797,6.238309843210978,0.37563612888741216,B
1.3124703671409963,0.9339118959334665,1.2513730065178637,8.863653280941996,A
-0.8589723884443423,-0.17112394954295795,3.2002270465130316,6.679425961129915,A
-0.898942156465536,-0.2892403698778976,5.964161217344402,4.224437872706094,B
0.07458640654355353,-0.9122751404672349,4.890223630491223,2.6550772213402007,A
-1.0770990694039948,-0.6315913869623457,6.045115203997624,1.8440104009534442,A
-0.4246633024328657,-0.5256207358966483,2.4673146460740916,5.85645135679011,A
-0.8299645975379619,-0.632991065857323,4.877010471430228,4.102386749667679,A
1.4111720638896117,0.5095677863931289,2.2204379622075865,7.430228925332476,A
0.7858038268311726,0.07176596255222334,1.0926428747611872,9.067745514875638,A
-0.057469518465394644,0.3352676029169346,5.591558177013774,2.956515460524055,A
-0.39121705217401626,0.6409243216787472,6.685177592913961,6.499003572033311,A
0.9409176145751134,-0.5384521174282106,5.491232855803552,4.227221924900907,B
0.40520408032288807,-0.3481521203570017,4.934007039470668,0.4273899302080575,B
0.4980524046828567,0.41672053407319365,1.8759713163414675,6.154326729856577,A
-0.026192237344250482,-0.2144821081910544,7.012214134195094,3.63702565826903,B
-1.6882300277714322,-0.9414581197979117,4.911910205248118,0.13726045326379777,A
-0.11246598255955272,-0.1300895619462441,8.919124010411537,4.722799810652026,B
-0.5324899192090677,0.8165461728308285,6.884628616553933,0.9166890087206325,B
0.6450552734598769,-0.1819569768142506,0.9897491466957034,6.281696577304558,B
1.011842432994189,-0.335502167114506,6.510099360511775,5.264963654092995,A
-0.6579510447611686,0.9790501658900543,2.2069295248536855,5.003487431628697,A
0.46838523427705164,0.28883112847402637,3.481009019141872,9.36879208489301,A
1.7358789976857132,-0.2680039470576383,4.498486646479701,8.804273787161916,B
-0.667712720570559,-0.7959609372723853,4.8118750992747925,7.139339666114514,B
1.6819217400731377,0.5756988898928423,5.7951304312349325,5.77540710721839,B
-0.852585847170647,0.41614986697551526,2.954289918391572,2.523693137024965,A
0.022959755607951444,0.8438315984971299,2.6986159914867063,0.08162767446609265,A
-0.011145611841841251,-0.5654487399439834,6.201210403466153,1.1963474024441834,A
0.011498899870062375,-0.770151300023536,4.9734994641319465,3.2029422996252297,B
-0.8376780419079453,0.4481450528181272,5.348746097403051,1.9672784590885373,B
-0.5911831037644297,-0.5932083160026087,0.6126332966106798,5.700038224788883,B
-0.6677202863593994,-0.6477923244210078,4.645725233369353,5.349498174948405,B
0.3269625954044574,-0.3603853292078558,3.2185416338770083,3.8979144494079296,A
0.33003511451031164,0.6336502829568753,3.1587472539662613,8.005445255305743,B
2.225944331738259,0.0790732102192615,6.843869608449155,7.311571458516333,B
1.3709890062911214,-0.9082992897954381,2.8086575420549753,6.878828659239009,A
-0.5098432421384791,-0.07221065068136556,2.8142067873479397,5.026752474435031,A
0.32486961579618606,0.36795922273295045,4.337978793196508,0.43445229423661136,B
0.9971179807917595,0.07673687693803144,5.9005776612946885,4.280277290752524,B
0.030601824338517807,0.1449004363131119,3.231970540503828,4.991818345516955,B
-0.06964157844693558,-0.5504453432146708,7.4682880715601225,4.478475963365051,A
0.05157494276988904,0.6954786631906962,7.899695050722437,0.04474626711733043,A
0.8672766288084278,0.12279743518224828,3.2371058670630726,6.5242885878525225,B
-0.8483205228052325,0.42649202608135317,4.509836488846289,2.5739277533083826,A
-0.32566946882017417,0.963728434026605,3.4426490546847743,0.44658824359445126,B
0.47043314484648185,-0.14360268465093573,1.6292357902575456,5.034686093793187,B
0.3114470715541555,0.7621332253530171,5.606022100912314,9.205473826612222,B
0.23958275985639133,-0.98543797211775,6.467189736458739,0.2944028336602822,B
-0.3698011663038032,-0.9331854147697598,9.023728526253123,0.13741593071443292,A
0.9725357891425369,0.18055984345763387,3.205180992737326,5.877480868627315,A
2.1338682472045374,-0.37710120891559873,7.672470181625242,5.429862373083882,A
0.4064154936762062,-0.5034468659605995,7.6847073825159065,0.15706348512828594,B
-0.1931767015498399,-0.44412928558208287,5.395706619134306,1.0306875067440213,A
0.7557402888945426,-0.3631941307788249,6.204326979152127,8.363946422946935,B
-0.53913263675299,0.45789539228684584,6.746546096601407,4.526384464967394,B
-0.7496903447028966,0.13839194446188907,8.9481998964838,1.2438726664102684,B
0.0328087476137118,0.5780719451186669,5.955617125232939,1.559204841607894,A
-2.5827966329699446,0.6603931596701038,4.87972422899263,6.114227359945645,A
-1.1539503636520094,0.6858697186025642,3.2676624019850555,3.28665994778778,B
-0.34796185592084583,-0.17071170165022487,5.610641510024996,0.25705232049547777,B
-1.3533888581477134,-0.15745320736717838,7.04832986554614,6.360184962179288,B
-1.0326431018921296,0.852531760281168,5.489220722658944,0.32352926052939046,B
-0.4367483374580074,0.32352718920882095,3.440153502149994,1.1027994849288891,B
-1.6429652935306092,-0.8390656320417225,5.178152404993127,1.5876824849159765,B
-0.4060717962598319,0.08437390818493662,4.741693035079773,1.4327791148182034,A
-0.5352701645328445,-0.28798548073018604,5.529477515511415,7.6156294634243205,A
0.025405208385016018,0.9748699794327262,1.6763032655635,0.934454558835478,A
1.1541840304940192,-0.9726891870754149,6.101577228205462,1.486415913275414,B
0.1725044164928659,0.22436174614111604,6.190846313527446,4.470155689846399,B
0.021062021342063624,0.44724618879771616,5.889706876373017,1.4008369087914851,A
0.09945445703071175,-0.4221864572852896,4.992474365709952,7.46936027517557,B
0.22739277512112846,0.9472830365130642,1.3881274747931567,4.87745850669488,A
-1.016738648609769,0.7190732540434226,4.961354416057473,8.79643396240148,A
-0.11477532477079817,0.8313056819716249,7.12142999868434,0.3811587523794735,B
0.3087512418366131,-0.961535881296903,3.2797422474150775,8.551983882808056,A
-1.3707599825430605,0.1397443026296179,1.0214610676774325,1.5381095449142868,B
0.8656529228158533,-0.4106995160909066,1.9188840562586127,9.256347358855043,A
1.0813760344581897,0.6980572698713259,5.628051383641206,3.2604110947529517,B
-0.6313759884493888,0.26569931382992484,5.745752017704875,5.107830381944564,A
-0.24133779145310455,0.07775400864221949,6.772586389242936,0.23694076380668339,B
-0.8781903428100731,-0.7708236606487886,4.889482008540695,7.291389103622584,B
0.6993804835878171,0.08044560957238156,1.9993432480428588,2.13771285424862,B
-1.0612222874459092,0.26380829271285333,3.3629917188126486,9.166167425100259,A
-0.2224770102429203,0.9118246186204091,6.637678745198696,6.617870457098052,A
-0.8589199078076716,0.17010202084773907,5.280991814878952,2.8361914553097165,A
0.050954277011289496,0.9348012034913089,6.299659269359958,2.609085892286507,A
-1.794229271489721,0.9232122312133242,5.86957761092208,1.7047921327901827,A
1.3264616423656934,0.300400671667195,4.590078896539408,8.018705034394568,A
-0.964606424206264,0.011815968236177365,4.651986324983932,4.384767489946366,B
0.05989468311627605,-0.06795651234790134,8.71420453951172,2.7694561143975127,B
-0.2125230447703092,0.7807571222315652,5.829348533218441,9.528195121200644,A
-0.7621145119224981,-0.9434866340564865,4.742824899367279,8.02240832233182,B
-0.8877801366359354,-0.7723836039528569,5.910839981873619,5.863030105015548,B
0.9363985435524596,-0.7958565417616963,5.4458116392485465,8.024486556923616,B
-0.5256405931019397,0.5138706502421095,0.6852872530110776,1.2012674395756762,A
0.2711701846373109,-0.3206979522949305,6.300169028744628,6.721637765313696,B
-0.8014968853943748,0.27593708948140194,8.641878548179351,3.2415157494616786,B
-0.6471814318477607,0.20756580768513122,3.439440263219872,6.875089728299585,A
0.47224715008784873,-0.22834406051493672,7.908071497678334,9.616571294304682,B
0.9304084961111163,0.06313544448479713,4.486260605336166,7.803595907073238,B
-0.17531640232701995,0.29027706714332013,5.586942795299644,5.655588372489639,B
-1.4219198716404369,0.8819006597562766,7.140720033946348,7.4553320822007425,A
1.9979560797500047,0.1512681457219629,3.5599971374183816,4.683316669173232,B
-0.8565493082342095,0.22873502353662856,7.484987825636942,2.7994517865066095,A
-1.5415873996717875,-0.8642883645924491,2.5715654372813215,0.4063403997170012,B
2.594424587768152,0.9044316295202239,3.249690502172167,6.772030452593735,A
-0.40403229385093714,0.05616385581877248,3.8129593653049483,1.4259143461115809,A
-1.4617326882614081,0.6025468397198437,6.324010732903805,4.593479608442493,A
-0.6834397667886818,-0.8994178737052219,4.3182511788610585,6.667545429094478,A
0.36754489602226903,-0.15817972852581796,1.960051080828264,8.912940059690603,A
0.1903115575939397,-0.4860490816945968,4.566934256300343,6.093636372547342,B
-0.85172919725359,-0.4660482026228201,3.4315572349312324,2.177246793830825,A
1.8227236001279594,0.5829074599218589,6.462587241680737,4.740556558658486,B
-0.5215796779933731,0.24773345053770712,4.313529891089793,6.676200688843181,A
-1.184686590411552,-0.12050937631430392,5.141548151801302,1.9531752237312883,A
0.9606933984606597,-0.9788285208272132,4.189055085718658,7.321717956305757,A
1.3290628465396823,0.9298558858910597,5.8678779364605775,7.638242372709222,A
-0.8174930976162265,0.9240465067114476,4.632818473058892,5.225293579175383,B
-1.4013472930393105,-0.5648955794399231,5.650397429374131,8.588012394980442,A
1.0304382674156047,-0.9173072553668866,-0.18677712948342062,2.2473983809083076,B
-2.0473236130579617,0.06039872602380436,5.1945017539555725,5.3773749358720995,B
-1.2266216593966155,0.9028216292328151,5.827827340220466,8.941641837625621,A
0.967446150050235,0.8207916915298699,4.601439890170816,7.041515108727725,B
-0.05535254802238957,0.16932572777879318,6.338784942785082,8.068743135696138,A
-0.26393734859268786,-0.39290229869258564,6.477214057985641,2.220930223168458,B
0.35281660649437835,-0.34007823246160807,7.608427783699006,5.727805812768629,A
-0.15277442354540868,0.7958271029720552,5.209623216144563,3.240427154717623,B
-1.2986867221630902,-0.016431928728846135,1.1723985906600376,6.589164331843178,B
1.2760753460061875,-0.7377675420657088,0.42900110242070966,5.226096468822,A
1.3250140528868153,-0.5031490480527854,1.7963180958509648,6.254888050590407,A
0.2053325637779597,-0.44641019706500185,4.924185877631728,6.1767002433731335,B
0.045134015432010274,-0.7529066301361813,4.685389423438869,7.364358207481377,A
2.339624806020058,-0.0739112369574173,5.552479704039947,7.988822867835662,A
-0.2764328450158372,0.832101816549982,3.7495081548856524,0.6187776845845316,B
-0.25957698183403943,0.33756508598452184,3.5270176569885034,9.483768496816916,B
0.36448124924050557,-0.8550521515022877,6.110095884820868,4.0644491240088545,B
1.4713219561423383,-0.9890103643816746,6.311848822745004,1.700970121859906,A
1.5927707544174836,-0.44750466506149134,4.486699729039039,9.219801187179108,B
-0.25857263167677125,-0.27461413041211924,4.923046683522093,7.839914153748908,B
0.30833124595934525,0.5534993380935516,5.808628686657983,4.203538094372091,A
-1.3780834670640771,0.9340110478607333,6.008687150325989,5.999145144686872,A
-0.31197610791621294,-0.22486565315291274,2.7120386008025195,2.26197261451772,A
-0.8402903954793065,0.3733800596337222,3.5608522881640985,4.131303277190288,A
-1.0068317522989838,0.9898038147059265,2.5389079087092266,4.009399651127772,A
1.6815767162673276,0.4913331677500288,3.9861867703263387,7.54040439417072,B
-0.7922866618061449,0.2723790981716889,6.624667178683662,4.317229954617603,A
-0.5316059080114549,-0.8438502916433914,6.092543733887531,7.548712885119567,B
0.3658487879168582,-0.3535695976105395,2.8038040792748826,7.9007942823910575,A
1.2978252669735855,0.8267843169143139,6.024533453651964,3.85619861610651,A
0.4811151263888354,-0.5979890366381886,5.1716862106849035,4.400633313579732,A
2.759355114021582,0.6871807185464163,4.012146585828159,5.2071599381865505,B
-0.07466797825114957,0.3926473701610109,2.1870806897927375,0.03510696044525141,B
0.25871644022974605,-0.2673512583384907,4.6503532567644665,1.9505500018472055,B
0.27560067398405635,0.05834853942531315,6.359888012231911,8.471371472082502,A
1.4350493867891545,0.08561293750562715,0.6738047032077485,7.6094030253111,B
0.5072389511096153,0.42810757014777256,4.207753604497101,0.7715158047521509,B
-0.1162297003871491,0.03311188219839223,9.508567397609925,6.348976650794832,A
-0.9474885949068795,-0.7338480196316675,6.345273437136187,0.20735353158175984,A
0.24444345596163258,0.5469093430438252,5.519664990006952,5.342036691279171,B
1.4013448312919596,-0.18745500618776245,3.525629660858172,1.6148162818349876,A
-0.4103817936578706,0.9261877804238545,3.6433403242520606,8.534523470310466,A
0.5289436184165822,-0.43297243541393127,4.833423208600073,6.148152219392081,A
0.24614778868484416,-0.4738424394068308,8.205727258754273,0.6398226218648662,B
0.8635196583813146,-0.33298520864963477,5.931178381789861,6.412538606417007,A
-0.8047537406378693,0.144634031917251,3.2556832044583546,8.921982110925352,B
2.3466470305265617,0.7897394804019646,7.353573924767728,7.337064022325901,B
-1.2791611070282582,-0.6474367197199704,4.414811585683818,1.1520230767278927,A
-0.3655510899860373,-0.4406424048015596,8.394692962027898,6.650932640952021,A
0.9380925409056455,0.16335968629572362,3.866793950724592,6.107026804586011,A
0.29673317249411335,-0.09133151567696984,2.993468486192222,6.313518640485368,B
0.8299861590811032,-0.10535422548854934,5.34925915562714,7.951621306965382,B
-0.49610233398256237,0.6414685241928131,6.964653967600596,3.04419139269518,A
-0.07480498268034107,0.8477566050227223,7.074889593461821,3.5546852734595125,A
0.012231983638817386,-0.03738606786023624,5.318383533337623,2.018161374633567,A
1.5692596145359043,0.3747035908945475,3.023806624062778,4.571760830790651,B
0.690429024383049,0.6021174220547878,3.98931855620423,4.098433616918413,B
0.7966721083646714,0.03673282077432782,0.963436263291567,0.841018432522711,B
-0.6579260925367952,-0.4113671820925293,3.1737569248623596,2.426065143827414,A
0.9688826385630508,0.27616919544456753,4.643086370205474,1.1992758304959594,B
0.22558166356880352,0.17021820061211845,5.778004281306958,5.545083973033133,A
1.3891453156779274,0.8031256394792208,4.321091357070442,1.8726652626029783,A
2.014060154918468,-0.8951859264602879,4.88604189004452,3.2560219913276156,A
-0.30676577602700456,0.8202627742669335,4.207629110500366,8.17053335823799,B
-0.40630313044506255,0.06886405633071924,6.50205060837954,5.718492202749439,A
-0.8640449911023695,-0.9686477679001722,3.2017741231469223,5.1958329231530485,A
-0.14357951171632055,-0.31059564246442384,6.675095828292653,9.443627442890115,B
-0.3820254489503836,0.44866712775063955,8.921761625027822,4.373513907825131,A
0.35950439957101016,-0.02313382412833409,5.945579312043862,8.836410845930377,A
-0.14456681693373594,0.9603180748819848,3.945816779551916,5.778540051170095,B
-0.3615992807816198,-0.15477985233790292,3.9274597118264296,4.053354816320807,A
1.0645851361278518,-0.34672954074798445,7.419674444368195,3.4607207433010077,B
-0.9378802311514517,0.6433438688591362,2.746821148256005,9.033779832128847,A
0.43310795315134365,0.09581339871606276,3.092391159454872,5.6524535778310705,A
-0.4059417271884834,0.3646531581251178,2.671103092259071,2.517135644049552,A
0.7243685048699644,0.611404676077355,2.4429723189586277,5.194688609363887,B
1.3852615467222305,0.34285509225124056,2.910367361240286,2.4977089352473847,B
-0.3030982534240727,-0.15518501046267086,6.579809883570986,2.4066889673321867,B
0.44103290727315136,-0.7504071042113987,7.204565129176048,1.2914135191368392,A
0.17879286573317985,0.16049633314260103,3.6058538552796335,6.893092537821236,A
-0.7994223995430966,0.7948666534585191,5.41466809209138,7.810436077246345,B
0.24078750974193844,-0.16221514696317008,6.518313350216468,3.236119729431979,A
0.28912050527881217,0.821450469685681,5.201128406194326,4.092966507907204,B
0.4128708204461747,0.007055639564804039,3.090114484765522,7.930680917284937,B
-0.19839889682004574,0.24168312488495314,2.0591965297238373,0.16303199466307539,B
0.09419230031014657,0.6659769521112857,7.020855106251018,3.3283095496479485,B
-1.1476109448431353,0.12919421928144303,5.992358824576761,3.0759438411770046,A
-0.35811407547985674,-0.818061321408873,6.153911786797307,5.434516951075146,A
